Selling_Price,Present_Price,Kms_Driven,Owner,Price_depriciation,Car_age,Fuel_Type_Diesel,Transmission_Manual
3.35,0.0571087993064586,0.05305305305305305,0.0,0.03838804933124891,0.26666666666666666,0.0,1.0
4.75,0.09991330732553098,0.08508508508508507,0.0,0.0826819524057669,0.3333333333333333,1.0,1.0
7.25,0.10327264846120503,0.012812812812812812,0.0,0.044641306235886746,0.06666666666666665,0.0,1.0
2.85,0.041504117902037285,0.009409409409409408,0.0,0.022060100746916805,0.4666666666666666,0.0,1.0
4.6,0.07097962722149978,0.08398398398398398,0.0,0.038909154073302074,0.26666666666666666,1.0,1.0
9.25,0.10305591677503251,0.0031451451451451453,0.0,0.009553586937641134,0.0,1.0,1.0
6.75,0.08452535760728218,0.036628628628628625,0.0,0.023276011811707475,0.2,0.0,1.0
6.5,0.08983528391850888,0.06592392392392392,0.0,0.03612992878235191,0.2,1.0,1.0
8.75,0.09286952752492415,0.039585585585585586,0.0,0.0019107173875282364,0.1333333333333333,1.0,1.0
7.45,0.09319462505418293,0.0838178178178178,0.0,0.02501302761855133,0.2,1.0,1.0
2.85,0.035543996532293023,0.003273273273273273,0.0,0.012506513809275666,0.06666666666666665,0.0,1.0
6.85,0.10901603814477678,0.10110110110110108,0.0,0.060795553239534506,0.2,1.0,1.0
7.5,0.10424794104898136,0.029029029029029027,0.0,0.04186208094493659,0.2,0.0,0.0
6.1,0.08008235804074555,0.05105105105105105,0.0,0.027444849748132716,0.2,0.0,1.0
2.25,0.0746640658864326,0.15400800800800798,0.0,0.08563487927740143,0.6000000000000001,0.0,1.0
7.75,0.11345903771131338,0.08508508508508507,0.0,0.05228417578599964,0.1333333333333333,1.0,1.0
7.25,0.11345903771131338,0.08243843843843843,0.0,0.06096925482021885,0.2,1.0,1.0
7.75,0.11345903771131338,0.08508508508508507,0.0,0.05228417578599964,0.1333333333333333,1.0,1.0
3.25,0.05169050715214564,0.07007007007007006,0.0,0.031439986103873545,0.2,0.0,1.0
2.65,0.08300823580407456,0.08196596596596596,0.0,0.09206183776272366,0.5333333333333332,0.0,1.0
2.85,0.0393368010403121,0.04904904904904905,0.0,0.018586069133229115,0.1333333333333333,0.0,1.0
4.9,0.05840918942349371,0.0038038038038038036,0.0,0.013548723293381965,0.06666666666666665,0.0,1.0
4.4,0.08333333333333333,0.09909909909909909,0.0,0.062185165885009545,0.4666666666666666,0.0,0.0
2.5,0.034026874729085395,0.08964964964964964,0.0,0.016154247003647735,0.26666666666666666,0.0,1.0
2.9,0.044321629822280016,0.11287087087087086,0.0,0.025707833941288873,0.3333333333333333,0.0,1.0
3.0,0.05060684872128306,0.03903903903903904,0.0,0.03404550981413931,0.4666666666666666,0.0,1.0
4.15,0.06014304291287387,0.10938538538538538,0.0,0.029355567135660933,0.3333333333333333,0.0,1.0
6.0,0.06686172518422194,0.03143143143143143,0.0,0.007990272711481679,0.06666666666666665,0.0,1.0
1.95,0.0393368010403121,0.08817217217217216,0.0,0.034219211394823694,0.5333333333333332,0.0,1.0
7.45,0.10901603814477678,0.08908908908908908,0.0,0.05037345839847144,0.2,1.0,1.0
3.1,0.06133506718682272,0.10197997997997997,0.0,0.049504950495049514,0.39999999999999997,1.0,1.0
2.35,0.04952319029042045,0.1075075075075075,0.0,0.04359909675178043,0.4666666666666666,0.0,1.0
4.95,0.07769830949284785,0.07707707707707706,0.0,0.04359909675178045,0.26666666666666666,1.0,1.0
6.0,0.10435630689206761,0.08908908908908908,0.0,0.06809101962827861,0.26666666666666666,1.0,1.0
5.5,0.08387516254876463,0.08908908908908908,0.0,0.04394649991314922,0.26666666666666666,1.0,1.0
2.95,0.08040745557000434,0.09909509509509508,0.0,0.08268195240576691,0.4666666666666666,0.0,1.0
4.65,0.07455570004334634,0.09663063063063061,0.0,0.04377279833246483,0.2,0.0,1.0
0.35,0.021239705244906804,0.25325325325325326,0.0,0.033003300330033,1.0,0.0,1.0
3.0,0.037277850021673165,0.01917717717717718,0.0,0.012680215389960047,0.1333333333333333,0.0,1.0
2.25,0.08300823580407456,0.12312312312312311,0.0,0.09900990099009903,1.0,0.0,1.0
5.85,0.08181621153012571,0.048096096096096094,0.0,0.03456661455619247,0.1333333333333333,0.0,0.0
2.55,0.03966189856957087,0.0925045045045045,0.0,0.024318221295813798,0.26666666666666666,0.0,1.0
1.95,0.07401387082791505,0.1151151151151151,0.0,0.08980371721382667,0.6666666666666667,0.0,1.0
5.5,0.08387516254876463,0.09065065065065064,0.0,0.04394649991314922,0.26666666666666666,1.0,1.0
1.25,0.025682704811443434,0.09909909909909909,0.0,0.02449192287649818,0.39999999999999997,0.0,1.0
7.5,0.1270047680970958,0.029029029029029027,0.0,0.07833941288865728,0.26666666666666666,0.0,0.0
2.65,0.04952319029042045,0.1281921921921922,0.0,0.03838804933124891,0.3333333333333333,0.0,1.0
1.05,0.041504117902037285,0.1291291291291291,0.0,0.05332638527010597,0.8,0.0,1.0
5.8,0.08008235804074555,0.05079079079079079,0.0,0.03265589716866424,0.2,0.0,1.0
7.75,0.0972041612483745,0.07307307307307306,0.0,0.026228938683342008,0.06666666666666665,0.0,0.0
14.9,0.3282401387082791,0.2086226226226226,0.0,0.2723640785131145,0.39999999999999997,1.0,0.0
23.0,0.3282401387082791,0.07907907907907907,0.0,0.13166579815876325,0.2,1.0,0.0
18.0,0.21077156480277418,0.029029029029029027,0.0,0.03022407503908285,0.06666666666666665,1.0,0.0
16.0,0.3282401387082791,0.26926926926926925,0.0,0.25325690463783224,0.3333333333333333,1.0,0.0
2.75,0.10717381881231038,0.17917917917917917,0.0,0.1290602744484975,0.8666666666666667,0.0,1.0
3.6,0.15951452102297356,0.1391391391391391,0.0,0.19819350356088242,0.6000000000000001,0.0,0.0
4.5,0.07531426094495015,0.08014814814814814,0.0,0.047594233107521276,0.2,0.0,1.0
4.75,0.1974425661031643,0.09909909909909909,0.0,0.23901337502171272,0.5333333333333332,0.0,1.0
4.1,0.07022106631989597,0.07804804804804803,0.3333333333333333,0.046378322042730596,0.26666666666666666,0.0,1.0
19.99,0.3862158647594278,0.08108108108108107,0.0,0.27688031961090853,0.26666666666666666,1.0,0.0
6.95,0.1982011270047681,0.07908108108108107,0.0,0.20201493833593887,0.3333333333333333,0.0,1.0
4.5,0.0799739921976593,0.08025625625625625,0.0,0.055063401076949806,0.2,0.0,1.0
18.75,0.3862158647594278,0.15515515515515513,0.0,0.2984193156157722,0.26666666666666666,1.0,0.0
23.5,0.3862158647594278,0.09309309309309308,0.0,0.21591106479068964,0.2,1.0,0.0
33.0,0.3891417425227568,0.011011011011011011,0.0,0.0555845058190029,0.06666666666666665,1.0,0.0
4.75,0.07184655396618986,0.08908908908908908,0.0,0.03769324300851138,0.26666666666666666,1.0,1.0
19.75,0.2473992197659298,0.02102102102102102,0.0,0.058537432690637464,0.06666666666666665,0.0,0.0
9.25,0.2181404421326398,0.1171171171171171,0.0,0.1940246656244572,0.5333333333333332,1.0,1.0
4.35,0.14542696142175987,0.17517517517517517,0.0,0.16258467952058367,0.4666666666666666,0.0,1.0
14.25,0.22312527091460774,0.023023023023023025,0.0,0.11516414799374676,0.1333333333333333,0.0,1.0
3.95,0.06978760294755093,0.14114114114114112,0.0,0.048289039430258814,0.26666666666666666,1.0,1.0
4.5,0.13177286519289122,0.08908908908908908,0.0,0.1380927566440855,0.4666666666666666,1.0,1.0
7.45,0.1982011270047681,0.1111131131131131,0.0,0.19332985930171967,0.3333333333333333,0.0,1.0
2.65,0.05840918942349371,0.08508508508508507,0.0,0.052631578947368425,0.4666666666666666,0.0,1.0
4.9,0.09330299089726918,0.16516516516516516,0.0,0.06948063227375369,0.26666666666666666,1.0,1.0
3.95,0.07022106631989597,0.07107107107107107,0.0,0.04898384575299635,0.2,0.0,1.0
5.5,0.15561335067186824,0.14314314314314314,0.0,0.15893694632621158,0.3333333333333333,0.0,1.0
1.5,0.13036410923276984,0.2695775775775776,0.0,0.18794511030050373,0.9333333333333333,0.0,0.0
5.25,0.24393151278716949,0.15915915915915915,0.0,0.30484627410109433,0.5333333333333332,0.0,0.0
14.5,0.3282401387082791,0.17717717717717715,0.0,0.2793121417404899,0.39999999999999997,1.0,0.0
14.73,0.1578890333766797,0.04504504504504504,0.0,0.002258120548896997,0.1333333333333333,1.0,1.0
4.75,0.08159947984395319,0.07907907907907907,0.0,0.053326385270105955,0.2,1.0,1.0
23.0,0.2716731686172518,0.029029029029029027,0.0,0.04099357304151469,0.06666666666666665,1.0,0.0
12.5,0.14239271781534463,0.07507507507507506,0.0,0.01615424700364775,0.2,1.0,1.0
3.49,0.14239271781534463,0.3937457457457457,0.0,0.17265937120027794,0.8666666666666667,1.0,1.0
2.5,0.2536844386649328,0.2832832832832833,1.0,0.3682473510508946,0.8,0.0,0.0
35.0,1.0,0.15515515515515513,0.0,1.0,0.5333333333333332,1.0,1.0
5.9,0.14542696142175987,0.1111111111111111,0.0,0.1356609345145041,0.39999999999999997,0.0,1.0
3.45,0.06209362808842653,0.09309309309309308,0.0,0.044641306235886746,0.3333333333333333,0.0,1.0
4.75,0.06978760294755093,0.07907907907907907,0.0,0.034392912975508075,0.26666666666666666,0.0,1.0
3.8,0.1982011270047681,0.12312312312312311,0.0,0.25673093625151994,0.6000000000000001,0.0,1.0
11.25,0.1708929345470308,0.11559959959959959,0.0,0.08355046030918882,0.26666666666666666,1.0,1.0
3.51,0.14499349804941483,0.14914914914914915,0.0,0.1764808059753344,0.8666666666666667,0.0,1.0
23.0,0.3282401387082791,0.07907907907907907,0.0,0.13166579815876325,0.2,1.0,0.0
4.0,0.24338968357173824,0.17717717717717715,0.0,0.32569046378322053,0.6666666666666667,0.0,0.0
5.85,0.1982011270047681,0.14314314314314314,0.0,0.22112211221122113,0.39999999999999997,0.0,1.0
20.75,0.2716731686172518,0.057057057057057055,0.0,0.08007642869550115,0.1333333333333333,1.0,0.0
17.0,0.1985262245340269,0.01641641641641642,0.0,0.027965954490185876,0.06666666666666665,0.0,1.0
7.05,0.1982011270047681,0.08908908908908908,0.0,0.20027792252909501,0.3333333333333333,0.0,1.0
9.65,0.2181404421326398,0.09914714714714713,0.0,0.18707660239708182,0.5333333333333332,1.0,1.0
1.75,0.017121803207628954,0.005005005005005005,0.0,0.0020844189682126093,0.1333333333333333,0.0,1.0
1.7,0.016254876462938883,0.0018018018018018016,0.0,0.0015633142261594595,0.06666666666666665,0.0,1.0
1.65,0.015821413090593844,0.007007007007007007,0.0,0.0017370158068438443,0.06666666666666665,0.0,1.0
1.45,0.01387082791504118,0.0014014014014014013,0.0,0.0020844189682126127,0.06666666666666665,0.0,1.0
1.35,0.012462071954919808,0.0072072072072072065,0.0,0.0015633142261594556,0.06666666666666665,0.0,1.0
1.35,0.022214997832683138,0.04244244244244244,0.0,0.01719645648775404,0.2,0.0,1.0
1.35,0.033918508885999135,0.03203203203203203,0.3333333333333333,0.03595622720166754,0.26666666666666666,0.0,1.0
1.25,0.012787169484178587,0.029029029029029027,0.0,0.0038214347750564533,0.3333333333333333,0.0,1.0
1.2,0.012787169484178587,0.035035035035035036,0.0,0.004689942678478375,0.1333333333333333,0.0,1.0
1.2,0.012462071954919808,0.02102102102102102,0.0,0.004168837936425222,0.06666666666666665,0.0,1.0
1.2,0.015821413090593844,0.011011011011011011,0.0,0.009553586937641134,0.1333333333333333,0.0,1.0
1.15,0.012787169484178587,0.01641641641641642,0.0,0.005558450581900297,0.1333333333333333,0.0,1.0
1.15,0.022540095361941914,0.013013013013013013,0.0,0.021191592843494877,0.26666666666666666,0.0,1.0
1.15,0.011703511053315994,0.06906906906906905,0.0,0.0038214347750564533,0.1333333333333333,0.0,1.0
1.15,0.012462071954919808,0.03303303303303303,0.0,0.0050373458398471445,0.2,0.0,1.0
1.11,0.012462071954919808,0.03403403403403403,0.0,0.005732152162584678,0.2,0.0,1.0
1.1,0.012462071954919808,0.06506506506506506,0.0,0.005905853743269063,0.3333333333333333,0.0,1.0
1.1,0.017121803207628954,0.02702702702702703,0.0,0.013375021712697584,0.2,0.0,1.0
1.1,0.012462071954919808,0.05105105105105105,0.0,0.005905853743269063,0.2,0.0,1.0
1.05,0.017121803207628954,0.009809809809809809,0.0,0.014243529616119506,0.3333333333333333,0.0,1.0
1.05,0.010186389250108365,0.010410410410410409,0.0,0.003126628452318915,0.1333333333333333,0.0,1.0
1.05,0.012787169484178587,0.012812812812812812,0.0,0.007295466388744138,0.4666666666666666,0.0,1.0
1.05,0.009211096662332031,0.011011011011011011,0.0,0.0015633142261594556,0.1333333333333333,0.0,1.0
1.0,0.012462071954919808,0.09209209209209208,0.0,0.007642869550112907,0.3333333333333333,0.0,1.0
0.95,0.015496315561335065,0.02202202202202202,0.0,0.013375021712697588,0.39999999999999997,0.0,1.0
0.9,0.015496315561335065,0.07907907907907907,0.0,0.014243529616119507,0.6000000000000001,0.0,1.0
0.9,0.00682704811443433,0.0016016016016016012,0.0,0.0003474031613687669,0.06666666666666665,0.0,1.0
0.75,0.005201560468140443,0.013013013013013013,0.0,0.00034740316136876886,0.1333333333333333,0.0,1.0
0.8,0.005960121369744256,0.005005005005005005,0.0,0.0006948063227375358,0.06666666666666665,0.0,1.0
0.78,0.005635023840485478,0.009009009009009009,0.0,0.0005211047420531512,0.06666666666666665,0.0,1.0
0.75,0.005960121369744256,0.02102102102102102,0.0,0.0015633142261594578,0.06666666666666665,0.0,1.0
0.75,0.005418292154312961,0.035035035035035036,0.0,0.0006948063227375358,0.2,0.0,1.0
0.75,0.00682704811443433,0.006006006006006006,0.0,0.002952926871634531,0.06666666666666665,0.0,1.0
0.72,0.00682704811443433,0.0,0.0,0.0034740316136876847,0.1333333333333333,0.0,1.0
0.65,0.005309926311226701,0.022622622622622622,0.0,0.0022581205488969953,0.06666666666666665,0.0,1.0
0.65,0.004551365409622887,0.009009009009009009,0.0,0.0010422094841063046,0.2,0.0,1.0
0.65,0.00953619419159081,0.04604604604604604,0.0,0.00903248219558798,0.26666666666666666,0.0,1.0
0.65,0.0050606848721283055,0.031031031031031032,0.0,0.001858606913322911,0.3333333333333333,0.0,1.0
0.6,0.005960121369744256,0.029029029029029027,0.0,0.004168837936425222,0.1333333333333333,0.0,1.0
0.6,0.00682704811443433,0.03223223223223223,0.0,0.005558450581900296,0.2,0.0,1.0
0.6,0.00953619419159081,0.06306306306306306,0.0,0.009900990099009901,0.3333333333333333,0.0,1.0
0.6,0.005201560468140443,0.03903903903903904,0.0,0.0029529268716345326,0.1333333333333333,0.0,1.0
0.6,0.005635023840485478,0.057057057057057055,0.0,0.003647733194372069,0.2,0.0,1.0
0.6,0.005635023840485478,0.04904904904904905,0.0,0.003647733194372069,0.1333333333333333,0.0,1.0
0.6,0.007260511486779367,0.04904904904904905,0.0,0.006253256904637833,0.26666666666666666,0.0,1.0
0.6,0.005309926311226701,0.037037037037037035,0.0,0.003126628452318918,0.39999999999999997,0.0,1.0
0.55,0.0050606848721283055,0.029029029029029027,0.0,0.003595622720166753,0.26666666666666666,0.0,1.0
0.55,0.005635023840485478,0.1151151151151151,0.0,0.004516241097793989,0.2,0.0,1.0
0.52,0.00671868227134807,0.08908908908908908,0.0,0.006774361646690984,0.5333333333333332,0.0,1.0
0.51,0.00671868227134807,0.04704704704704705,0.0,0.0069480632273753685,0.1333333333333333,0.0,1.0
0.5,0.005483311660164715,0.011011011011011011,0.0,0.005141566788257773,0.4666666666666666,0.0,1.0
0.5,0.0024924143909839623,0.06106106106106106,0.0,0.00034740316136876886,0.1333333333333333,0.0,1.0
0.5,0.007260511486779367,0.025025025025025023,0.0,0.007990272711481675,0.39999999999999997,0.0,1.0
0.5,0.007260511486779367,0.08908908908908908,0.0,0.007990272711481675,0.3333333333333333,0.0,1.0
0.5,0.006068487212830515,0.015015015015015015,0.0,0.006079555323953449,0.26666666666666666,0.0,1.0
0.48,0.0020589510186389253,0.007607607607607607,0.0,0.0,0.06666666666666665,0.0,0.0
0.48,0.002167316861725184,0.029029029029029027,0.0,0.00017370158068438443,0.06666666666666665,0.0,1.0
0.48,0.005635023840485478,0.04504504504504504,0.0,0.00573215216258468,0.2,0.0,1.0
0.48,0.0023840485478977026,0.016216216216216217,0.0,0.0005211047420531532,0.06666666666666665,0.0,1.0
0.45,0.0020589510186389253,0.007007007007007007,0.0,0.0005211047420531523,0.06666666666666665,0.0,0.0
0.45,0.00682704811443433,0.04704704704704705,0.0,0.008163974292166058,0.4666666666666666,0.0,1.0
0.45,0.005483311660164715,0.04504504504504504,0.0,0.006010074691679694,0.26666666666666666,0.0,1.0
0.45,0.007260511486779367,0.028028028028028028,0.0,0.008858780614903597,0.39999999999999997,0.0,1.0
0.45,0.00682704811443433,0.05305305305305305,0.0,0.008163974292166058,0.5333333333333332,0.0,1.0
0.45,0.0023840485478977026,0.02702702702702703,0.0,0.0010422094841063055,0.1333333333333333,0.0,1.0
0.45,0.0023840485478977026,0.0,0.0,0.0010422094841063055,0.1333333333333333,0.0,0.0
0.45,0.0024924143909839623,0.001001001001001001,0.0,0.0012159110647906898,0.1333333333333333,0.0,1.0
0.42,0.005309926311226701,0.08308308308308307,0.0,0.006253256904637834,0.26666666666666666,0.0,1.0
0.42,0.004442999566536627,0.023023023023023025,0.0,0.004863644259162758,0.3333333333333333,0.0,1.0
0.4,0.0023840485478977026,0.02702702702702703,0.0,0.0019107173875282265,0.2,0.0,1.0
0.4,0.005526657997399219,0.01001001001001001,0.0,0.0069480632273753685,0.39999999999999997,0.0,1.0
0.4,0.0024924143909839623,0.012412412412412411,0.0,0.002084418968212611,0.2,0.0,1.0
0.4,0.003467706978760295,0.026426426426426425,0.0,0.003647733194372069,0.26666666666666666,0.0,1.0
0.4,0.0020589510186389253,0.0016016016016016012,0.0,0.0013896126454750733,0.06666666666666665,0.0,0.0
0.38,0.004334633723450368,0.07627627627627627,0.0,0.005384749001215911,0.2,0.0,1.0
0.38,0.0050606848721283055,0.14914914914914915,0.0,0.006548549591801287,0.4666666666666666,0.0,1.0
0.35,0.007910706545296922,0.05905905905905906,0.0,0.011638005905853746,0.4666666666666666,0.0,1.0
0.35,0.00270914607715648,0.04704704704704705,0.0,0.0033003300330032995,0.1333333333333333,0.0,0.0
0.35,0.002167316861725184,0.037037037037037035,0.0,0.0024318221295813796,0.26666666666666666,0.0,0.0
0.31,0.007910706545296922,0.42542542542542544,0.0,0.012332812228591282,0.5333333333333332,0.0,1.0
0.3,0.0020589510186389253,0.11911911911911911,0.0,0.003126628452318916,0.39999999999999997,0.0,1.0
0.3,0.0017338534893801471,0.09909909909909909,0.0,0.002605523710265763,0.1333333333333333,0.0,1.0
0.3,0.0028175119202427388,0.05905905905905906,0.0,0.004342539517109605,0.3333333333333333,0.0,1.0
0.27,0.0016254876462938874,0.04104104104104104,0.0,0.002952926871634531,0.3333333333333333,0.0,1.0
0.25,0.004659731252709146,0.05105105105105105,0.3333333333333333,0.00816397429216606,0.6666666666666667,0.0,1.0
0.25,0.0028175119202427388,0.0028028028028028026,0.0,0.005211047420531527,0.6666666666666667,0.0,0.0
0.25,0.002167316861725184,0.043043043043043044,0.0,0.004168837936425222,0.5333333333333332,0.0,0.0
0.25,0.0020589510186389253,0.06306306306306306,0.0,0.003995136355740838,0.3333333333333333,0.0,1.0
0.25,0.00270914607715648,0.035035035035035036,0.0,0.005037345839847142,0.3333333333333333,0.0,1.0
0.2,0.00270914607715648,0.10910910910910909,0.0,0.0059058537432690635,0.8666666666666667,0.0,1.0
0.2,0.004659731252709146,0.11911911911911911,0.0,0.009032482195587981,0.6666666666666667,0.0,1.0
0.2,0.00270914607715648,0.04904904904904905,0.3333333333333333,0.0059058537432690635,0.39999999999999997,0.0,1.0
0.2,0.004659731252709146,0.09709709709709709,0.3333333333333333,0.009032482195587981,0.7333333333333334,0.0,1.0
0.2,0.003576072821846554,0.04704704704704705,0.3333333333333333,0.007295466388744138,0.3333333333333333,0.0,1.0
0.2,0.0050606848721283055,0.09909909909909909,0.0,0.009675178044120202,0.6666666666666667,0.0,1.0
0.18,0.0,0.06906906906906905,0.0,0.0019107173875282265,0.2,0.0,1.0
0.17,0.002167316861725184,0.9999999999999999,0.0,0.005558450581900296,0.6666666666666667,0.0,0.0
0.16,0.0020589510186389253,0.06506506506506506,0.0,0.005558450581900296,0.5333333333333332,0.0,1.0
0.15,0.00270914607715648,0.06906906906906905,0.3333333333333333,0.006774361646690984,0.4666666666666666,0.0,1.0
0.12,0.0028175119202427388,0.1051051051051051,0.0,0.007469167969428522,0.7333333333333334,0.0,1.0
0.1,0.004659731252709146,0.18364964964964964,0.0,0.010769498002431824,0.8,0.0,1.0
3.25,0.07011270047680972,0.1151151151151151,0.3333333333333333,0.06096925482021887,0.5333333333333332,1.0,1.0
4.4,0.05830082358040746,0.05545545545545545,0.0,0.0220601007469168,0.2,0.0,1.0
2.95,0.046380580840918936,0.10602602602602601,0.0,0.02813965607087024,0.4666666666666666,0.0,1.0
2.75,0.044538361508452536,0.055619619619619615,0.0,0.028660760812923396,0.2,0.0,1.0
5.25,0.05830082358040746,0.0059919919919919915,0.3333333333333333,0.0072954663887441415,0.1333333333333333,0.0,1.0
5.75,0.07379713914174252,0.02398198198198198,0.0,0.023449713392391873,0.06666666666666665,0.0,1.0
5.15,0.05830082358040746,0.06866266266266265,0.0,0.009032482195587978,0.2,0.0,0.0
7.9,0.08430862592110966,0.005875875875875875,0.0,0.0029529268716345196,0.06666666666666665,0.0,1.0
4.85,0.05830082358040746,0.04129129129129129,0.0,0.014243529616119518,0.2,1.0,1.0
3.1,0.046380580840918936,0.0706206206206206,0.0,0.025534132360604478,0.39999999999999997,0.0,1.0
11.75,0.1568053749458171,0.08615615615615614,0.0,0.05228417578599964,0.2,1.0,1.0
11.25,0.14390983961855225,0.04438638638638639,0.0,0.040298766718777135,0.1333333333333333,0.0,1.0
2.9,0.07011270047680972,0.062270270270270274,0.0,0.06704881014417233,0.4666666666666666,0.0,1.0
5.25,0.05830082358040746,0.039267267267267265,0.0,0.0072954663887441415,0.06666666666666665,0.0,1.0
4.5,0.09839618552232338,0.07127127127127127,0.0,0.08459266979329513,0.39999999999999997,0.0,1.0
2.9,0.044538361508452536,0.024024024024024024,0.0,0.026055237102657634,0.1333333333333333,0.0,1.0
3.15,0.044538361508452536,0.029029029029029027,0.0,0.021712697585548026,0.1333333333333333,0.0,1.0
6.45,0.09839618552232338,0.08924524524524523,0.0,0.0507208615598402,0.26666666666666666,0.0,1.0
4.5,0.09839618552232338,0.07107107107107107,0.0,0.08459266979329513,0.39999999999999997,0.0,1.0
3.5,0.044538361508452536,0.07605205205205204,0.0,0.01563314226159458,0.06666666666666665,0.0,1.0
4.5,0.07011270047680972,0.06306306306306306,0.0,0.039256557234670836,0.3333333333333333,0.0,0.0
6.0,0.0788903337667967,0.1544184184184184,0.0,0.02727114816744832,0.26666666666666666,1.0,1.0
8.25,0.09839618552232338,0.12188388388388387,0.0,0.01945457703665104,0.2,1.0,1.0
5.11,0.09839618552232338,0.07146746746746746,0.0,0.0739968733715477,0.3333333333333333,0.0,0.0
2.7,0.046380580840918936,0.04407807807807808,0.0,0.032482195587979844,0.4666666666666666,0.0,1.0
5.25,0.05830082358040746,0.048404404404404404,0.0,0.0072954663887441415,0.2,0.0,1.0
2.55,0.044538361508452536,0.1131131131131131,0.0,0.03213479242661108,0.4666666666666666,0.0,1.0
4.95,0.09839618552232338,0.11911911911911911,0.0,0.07677609866249785,0.39999999999999997,1.0,1.0
3.1,0.07011270047680972,0.10336736736736736,0.0,0.06357477853048464,0.39999999999999997,1.0,1.0
6.15,0.09839618552232338,0.08908908908908908,0.0,0.055931908980371724,0.3333333333333333,1.0,1.0
9.25,0.09839618552232338,0.02903103103103103,0.0,0.002084418968212617,0.06666666666666665,0.0,1.0
11.45,0.1568053749458171,0.024824824824824822,0.0,0.05749522320653118,0.2,0.0,0.0
3.9,0.05830082358040746,0.1051051051051051,0.0,0.030745179781136018,0.3333333333333333,1.0,1.0
5.5,0.05830082358040746,0.00799199199199199,0.0,0.002952926871634535,0.2,0.0,1.0
9.1,0.09839618552232338,0.02931131131131131,0.0,0.004689942678478387,0.06666666666666665,0.0,1.0
3.1,0.044538361508452536,0.02272072072072072,0.0,0.022581205488969944,0.1333333333333333,0.0,1.0
11.25,0.14390983961855225,0.13513513513513511,0.0,0.040298766718777135,0.2,1.0,1.0
4.8,0.09839618552232338,0.11960160160160159,0.0,0.07938162237276361,0.3333333333333333,0.0,1.0
2.0,0.044538361508452536,0.046464464464464464,0.0,0.04168837936425221,0.39999999999999997,0.0,1.0
5.35,0.09839618552232338,0.0637077077077077,0.0,0.06982803543512249,0.39999999999999997,1.0,1.0
4.75,0.07379713914174252,0.0708028028028028,0.3333333333333333,0.04081987146083029,0.2,0.0,1.0
4.4,0.07379713914174252,0.06706706706706705,0.0,0.04689942678478374,0.26666666666666666,0.0,1.0
6.25,0.0788903337667967,0.013013013013013013,0.0,0.022928608650338717,0.1333333333333333,0.0,1.0
5.95,0.09839618552232338,0.09709709709709709,0.0,0.05940594059405941,0.3333333333333333,1.0,1.0
5.2,0.09839618552232338,0.14114114114114112,0.0,0.07243355914538824,0.39999999999999997,1.0,1.0
3.75,0.07011270047680972,0.06906906906906905,0.0,0.052284175785999656,0.39999999999999997,0.0,1.0
5.95,0.09839618552232338,0.07107107107107107,0.0,0.05940594059405941,0.2,0.0,1.0
4.0,0.046380580840918936,0.05905905905905906,0.0,0.009900990099009896,0.3333333333333333,0.0,1.0
5.25,0.0788903337667967,0.03303303303303303,0.0,0.040298766718777135,0.1333333333333333,0.0,1.0
12.9,0.14390983961855225,0.07093893893893893,0.0,0.011638005905853732,0.1333333333333333,1.0,1.0
5.0,0.10381447767663633,0.1125145145145145,0.0,0.08459266979329513,0.3333333333333333,0.0,1.0
5.4,0.07043779800606849,0.06191591591591591,0.0,0.02414451971512941,0.2,0.0,0.0
7.2,0.10381447767663633,0.09509509509509509,0.0,0.046378322042730596,0.26666666666666666,1.0,1.0
5.25,0.10381447767663633,0.10759159159159158,0.0,0.08025013027618554,0.3333333333333333,0.0,1.0
3.0,0.05450801907238838,0.10645645645645645,0.0,0.040298766718777135,0.39999999999999997,0.0,1.0
10.25,0.14390983961855225,0.09822222222222221,0.0,0.05766892478721556,0.1333333333333333,0.0,1.0
8.5,0.14390983961855225,0.07972772772772772,0.0,0.08806670140698282,0.2,0.0,1.0
8.4,0.14390983961855225,0.04904904904904905,0.0,0.08980371721382666,0.2,0.0,1.0
3.9,0.07238838318162115,0.07117917917917917,0.0,0.05332638527010596,0.26666666666666666,0.0,1.0
9.15,0.14390983961855225,0.0575035035035035,0.0,0.07677609866249784,0.1333333333333333,0.0,1.0
5.5,0.06122670134373645,0.01021021021021021,0.0,0.007642869550112903,0.1333333333333333,0.0,1.0
4.0,0.05938448201127004,0.07912512512512511,0.0,0.03074517978113601,0.2,0.0,1.0
6.6,0.0799739921976593,0.031035035035035033,0.0,0.018586069133229122,0.1333333333333333,0.0,1.0
4.0,0.07238838318162115,0.07913113113113113,0.0,0.05158936946326212,0.2,0.0,1.0
6.5,0.09081057650628521,0.04144144144144144,0.0,0.037693243008511366,0.06666666666666665,0.0,1.0
3.65,0.07238838318162115,0.06906906906906905,0.0,0.05766892478721557,0.26666666666666666,0.0,1.0
8.35,0.09839618552232338,0.0379059059059059,0.0,0.017717561229807204,0.1333333333333333,1.0,1.0
4.8,0.05938448201127004,0.037037037037037035,0.0,0.016849053326385272,0.06666666666666665,0.0,1.0
6.7,0.10489813610749892,0.036692692692692694,0.0,0.05680041688379364,0.2,0.0,1.0
4.1,0.10489813610749892,0.1378198198198198,0.0,0.10196282786173357,0.4666666666666666,0.0,1.0
3.0,0.10489813610749892,0.13826226226226224,0.0,0.12107000173701583,0.6000000000000001,0.0,1.0
7.5,0.10489813610749892,0.05425425425425425,0.0,0.0429042904290429,0.2,0.0,1.0
2.25,0.07780667533593412,0.12152752752752752,0.0,0.09067222511724858,0.5333333333333332,0.0,1.0
5.3,0.07022106631989597,0.03203203203203203,0.0,0.025534132360604485,0.26666666666666666,0.0,1.0
10.9,0.14390983961855225,0.06056656656656657,0.0,0.04637832204273058,0.1333333333333333,0.0,0.0
8.65,0.14390983961855225,0.048648648648648644,0.0,0.08546117769671704,0.2,0.0,1.0
9.7,0.14390983961855225,0.0426026026026026,0.0,0.06722251172485671,0.2,0.0,1.0
6.0,0.08755960121369745,0.007007007007007007,0.0,0.04116727462219907,0.1333333333333333,0.0,1.0
6.25,0.14390983961855225,0.07933133133133131,0.0,0.12714955706096925,0.26666666666666666,0.0,1.0
5.25,0.06046814044213264,0.027957957957957955,0.0,0.01076949800243183,0.2,0.0,1.0
2.1,0.0788903337667967,0.100012012012012,0.0,0.09501476463435819,0.8,0.0,1.0
8.25,0.1482444733420026,0.1251251251251251,0.0,0.09935730415146779,0.26666666666666666,1.0,1.0
8.99,0.12440398786302558,0.017037037037037038,0.0,0.04828903943025883,0.1333333333333333,0.0,1.0
3.5,0.06046814044213264,0.018618618618618618,0.0,0.04116727462219907,0.3333333333333333,0.0,1.0
7.4,0.08864325964456003,0.029147147147147147,0.0,0.01858606913322911,0.1333333333333333,0.0,0.0
5.65,0.08214130905938449,0.05619419419419419,0.0,0.0385617509119333,0.1333333333333333,0.0,1.0
5.75,0.07780667533593412,0.08708708708708708,0.0,0.029876671877714093,0.2,0.0,0.0
8.4,0.14390983961855225,0.06706706706706705,0.0,0.08980371721382666,0.2,0.0,1.0
10.11,0.14390983961855225,0.02098098098098098,0.0,0.060100746916796954,0.1333333333333333,0.0,1.0
4.5,0.06588643259644561,0.037037037037037035,0.0,0.03248219558797986,0.26666666666666666,0.0,1.0
5.4,0.06263545730385782,0.06191591591591591,0.0,0.011638005905853732,0.2,0.0,1.0
6.4,0.08755960121369745,0.023023023023023025,0.0,0.034219211394823694,0.1333333333333333,0.0,1.0
3.25,0.10381447767663633,0.07507507507507506,0.0,0.11499044641306239,0.5333333333333332,0.0,1.0
3.75,0.07022106631989597,0.06510310310310309,0.0,0.05245787736668404,0.26666666666666666,0.0,1.0
8.55,0.13838318162115304,0.11927127127127125,0.0,0.07833941288865728,0.2,1.0,1.0
9.5,0.12223667100130038,0.06704304304304304,0.0,0.03595622720166753,0.1333333333333333,1.0,1.0
4.0,0.06046814044213264,0.11911911911911911,0.0,0.03248219558797986,0.2,0.0,1.0
3.35,0.11573472041612484,0.17504304304304302,0.0,0.1323606044815008,0.6000000000000001,0.0,1.0
11.5,0.13198959687906373,0.017017017017017015,0.0,0.016849053326385272,0.06666666666666665,1.0,1.0
5.3,0.06046814044213264,0.009937937937937937,0.0,0.009900990099009912,0.1333333333333333,0.0,1.0
